Workbook

Sheet 获取清单
A1: 文献获取清单 · 长江文化 × 游戏化文化传播 × AI文化IP 文献库 v1.0
A2: 共 106 条。黄色底色的「获取状态」列是给你填的，其余为只读信息。当前全部为「未获取」——建库环境无法联网下载，请在本机运行 download_oa_pdfs.sh。
A4: 编号 | B4: 分组 | C4: 子组 | D4: 优先级 | E4: 标记 | F4: 标题 | G4: 年份 | H4: 出处 | I4: DOI | J4: 获取方式 | K4: 获取状态 | L4: 链接 | M4: 备注
A5: A1-1 | B5: A 文化游戏化转译与文化学习 | C5: A-1 直接前序 | D5: 必读 | F5: Beyond entertainment: how intangible cultural heritage in video games shapes youth cultural identity | G5: 2026 | H5: 2026, Frontiers in Psychology | I5: 10.3389/fpsyg.2026.1855866 | J5: ① 脚本自动下载 | K5: 未获取 | L5: 打开 | M5: 运行 download_oa_pdfs.sh 自动抓取
A6: A1-2 | B6: A 文化游戏化转译与文化学习 | C6: A-1 直接前序 | D6: 必读 | E6: 量表·方法 | F6: Integrating intangible cultural heritage elements into mobile games: an exploration of player cultural identity | G6: 2026 | H6: 2026, Information Technology & People, 39(1) | I6: 10.1108/ITP-01-2024-0088 | J6: ③ 需订阅·走图书馆 | K6: 未获取 | L6: 打开 | M6: 湖工大图书馆 CNKI / Web of Science / ScienceDirect 镜像
A7: A1-3 | B7: A 文化游戏化转译与文化学习 | C7: A-1 直接前序 | D7: 必读 | E7: 量表·方法 | F7: Enhancing handicraft intangible cultural heritage learning through immersive VR serious games: a multimodal study on natural interaction effectiveness | G7: 2026 | H7: 2026, Frontiers in Psychology | I7: 10.3389/fpsyg.2026.1880795 | J7: ① 脚本自动下载 | K7: 未获取 | L7: 打开 | M7: 运行 download_oa_pdfs.sh 自动抓取
A8: A1-4 | B8: A 文化游戏化转译与文化学习 | C8: A-1 直接前序 | E8: 量表·方法 | F8: The art and science of serious game design: a quasi-experimental study based on self-determination theory in traditional Chinese culture education | G8: 2025 | H8: 2025, Frontiers in Psychology | I8: 10.3389/fpsyg.2025.1536513 | J8: ① 脚本自动下载 | K8: 未获取 | L8: 打开 | M8: 运行 download_oa_pdfs.sh 自动抓取
A9: A1-5 | B9: A 文化游戏化转译与文化学习 | C9: A-1 直接前序 | F9: Understanding the key factors influencing continued use intention toward ICH-themed virtual reality games | G9: 2026 | H9: 2026, Frontiers in Virtual Reality | I9: 10.3389/frvir.2026.1833878 | J9: ① 脚本自动下载 | K9: 未获取 | L9: 打开 | M9: 运行 download_oa_pdfs.sh 自动抓取
A10: A1-6 | B10: A 文化游戏化转译与文化学习 | C10: A-1 直接前序 | F10: The Model and Application of the Serious Game for Cultural Heritage Education: A Case Study of Kuliang, China | G10: 2025 | H10: 2025, Lin, Zhou & Guan | I10: 10.1177/01678329251323449 | J10: ③ 需订阅·走图书馆 | K10: 未获取 | L10: 打开 | M10: 湖工大图书馆 CNKI / Web of Science / ScienceDirect 镜像
A11: A1-7 | B11: A 文化游戏化转译与文化学习 | C11: A-1 直接前序 | F11: Becoming a Xia: Constructing Cultural Identity in the History of Wuxia Games in China | G11: 2025 | H11: 2025, Cao, Zhou & Feng, Games and Culture | I11: 10.1177/15554120231208735 | J11: ③ 需订阅·走图书馆 | K11: 未获取 | L11: 打开 | M11: 湖工大图书馆 CNKI / Web of Science / ScienceDirect 镜像
A12: A1-8 | B12: A 文化游戏化转译与文化学习 | C12: A-1 直接前序 | F12: Cultural Affordance and Reception: A Theoretical Framework for Interactive Cross-Cultural Sense-Making in Video Game Environments | G12: 2025 | H12: 2025, Yu, Guo, Shen & Chen, Games and Culture | I12: 10.1177/15554120251336564 | J12: ③ 需订阅·走图书馆 | K12: 未获取 | L12: 打开 | M12: 湖工大图书馆 CNKI / Web of Science / ScienceDirect 镜像
A13: A1-9 | B13: A 文化游戏化转译与文化学习 | C13: A-1 直接前序 | F13: Enhancing Young Generation's Heritage Identity Through Emotional Responses to Virtual Cultural Heritage Experience: A Design Case with Azheke Community at Hani Rice Terraces | G13: 2025 | H13: 2025, IJHCI, 42(1) | I13: 10.1080/10447318.2025.2505159 | J13: ③ 需订阅·走图书馆 | K13: 未获取 | L13: 打开 | M13: 湖工大图书馆 CNKI / Web of Science / ScienceDirect 镜像
A14: A1-10 | B14: A 文化游戏化转译与文化学习 | C14: A-1 直接前序 | F14: Evaluating knowledge transfer mechanisms and outcomes of VR/AR for cultural-heritage serious games | G14: 2025 | H14: 2025, npj Heritage Science | I14: 10.1038/s40494-025-02247-z | J14: ① 脚本自动下载 | K14: 未获取 | L14: 打开 | M14: 运行 download_oa_pdfs.sh 自动抓取
A15: A2-1 | B15: A 文化游戏化转译与文化学习 | C15: A-2 效应量与方法基准 | D15: 必读 | E15: 量表·方法 | F15: Exploring the Efficacy of Game-Based Pedagogy: A Three-Level Meta-Analysis of Game-Based Learning and Gamification | G15: 2026 | H15: 2026, Xu & Dai | I15: 10.1177/14697874261424519 | J15: ③ 需订阅·走图书馆 | K15: 未获取 | L15: 打开 | M15: 湖工大图书馆 CNKI / Web of Science / ScienceDirect 镜像
A16: A2-2 | B16: A 文化游戏化转译与文化学习 | C16: A-2 效应量与方法基准 | E16: 量表·方法 | F16: Effectiveness of Augmented Reality and Virtual Reality Interventions on Learning Outcomes: A Meta-Analysis in Higher Education | G16: 2025 | H16: 2025, TechTrends | I16: 10.1007/s11528-025-01106-9 | J16: ③ 需订阅·走图书馆 | K16: 未获取 | L16: 打开 | M16: 湖工大图书馆 CNKI / Web of Science / ScienceDirect 镜像
A17: A2-3 | B17: A 文化游戏化转译与文化学习 | C17: A-2 效应量与方法基准 | E17: 量表·方法 | F17: Wouters, van Nimwegen, van Oostendorp & van der Spek (2013). A meta-analysis of the cognitive and motivational effects of serious games | H17: Journal of Educational Psychology, 105(2) | J17: ③ 需订阅·走图书馆 | K17: 未获取 | M17: 湖工大图书馆 CNKI / Web of Science / ScienceDirect 镜像
A18: A2-4 | B18: A 文化游戏化转译与文化学习 | C18: A-2 效应量与方法基准 | E18: 量表·方法 | F18: Wouters & van Oostendorp (2013). A meta-analytic review of the role of instructional support in game-based learning | H18: Computers & Education, 60(1) | J18: ① 脚本自动下载 | K18: 未获取 | L18: 打开 | M18: 运行 download_oa_pdfs.sh 自动抓取
A19: A2-5 | B19: A 文化游戏化转译与文化学习 | C19: A-2 效应量与方法基准 | F19: Effectiveness of digital educational game and game design in STEM learning: a meta-analytic review | G19: 2023 | H19: 2023, IJ STEM Education | I19: 10.1186/s40594-022-00344-0 | J19: ① 脚本自动下载 | K19: 未获取 | L19: 打开 | M19: 运行 download_oa_pdfs.sh 自动抓取
A20: A2-6 | B20: A 文化游戏化转译与文化学习 | C20: A-2 效应量与方法基准 | F20: Effects of digital game-based STEM education on students' learning achievement: a meta-analysis | G20: 2022 | H20: 2022, IJ STEM Education | I20: 10.1186/s40594-022-00344-0 | J20: ① 脚本自动下载 | K20: 未获取 | L20: 打开 | M20: 运行 download_oa_pdfs.sh 自动抓取
A21: A2-7 | B21: A 文化游戏化转译与文化学习 | C21: A-2 效应量与方法基准 | F21: Gamification enhances student intrinsic motivation, perceptions of autonomy and relatedness, but minimal impact on competency: a meta-analysis | G21: 2024 | H21: 2024, ETR&D | I21: 10.1007/s11423-023-10337-7 | J21: ③ 需订阅·走图书馆 | K21: 未获取 | L21: 打开 | M21: 湖工大图书馆 CNKI / Web of Science / ScienceDirect 镜像
A22: A2-8 | B22: A 文化游戏化转译与文化学习 | C22: A-2 效应量与方法基准 | F22: Gamification design in cultural heritage education: A systematic literature review (2019–2024) | J22: ② 免费·浏览器另存 | K22: 未获取 | L22: 打开 | M22: 浏览器打开链接后另存为 PDF
A23: A3-1 | B23: A 文化游戏化转译与文化学习 | C23: A-3 理论与量表基座 | D23: 必读 | E23: 量表·方法 | F23: Jennett, Cox, Cairns, Dhoparee, Epps, Tijs & Walton (2008). Measuring and defining the experience of immersion in games | H23: International Journal of Human-Computer Studies, 66(9), 641–661) — 被引 1800+ | J23: ① 脚本自动下载 | K23: 未获取 | L23: 打开 | M23: 运行 download_oa_pdfs.sh 自动抓取
A24: A3-2 | B24: A 文化游戏化转译与文化学习 | C24: A-3 理论与量表基座 | D24: 必读 | E24: 量表·方法 | F24: Green & Brock (2000). The role of transportation in the persuasiveness of public narratives | H24: Journal of Personality and Social Psychology, 79(5), 701–721) — 经典 | J24: ① 脚本自动下载 | K24: 未获取 | L24: 打开 | M24: 运行 download_oa_pdfs.sh 自动抓取
A25: A3-3 | B25: A 文化游戏化转译与文化学习 | C25: A-3 理论与量表基座 | E25: 量表·方法 | F25: van Laer, de Ruyter, Visconti & Wetzels (2014). The Extended Transportation-Imagery Model: A Meta-Analysis | H25: Journal of Consumer Research, 40(5), 797–817 | J25: ① 脚本自动下载 | K25: 未获取 | L25: 打开 | M25: 运行 download_oa_pdfs.sh 自动抓取
A26: A3-4 | B26: A 文化游戏化转译与文化学习 | C26: A-3 理论与量表基座 | D26: 必读 | E26: 量表·方法 | F26: Ryan, Rigby & Przybylski (2006). The motivational pull of video games: A self-determination theory approach | H26: Motivation and Emotion, 30(4)) — 经典 | I26: 10.1007/s11031-006-9051-8 | J26: ① 脚本自动下载 | K26: 未获取 | L26: 打开 | M26: 运行 download_oa_pdfs.sh 自动抓取
A27: A3-5 | B27: A 文化游戏化转译与文化学习 | C27: A-3 理论与量表基座 | E27: 量表·方法 | F27: Przybylski, Rigby & Ryan (2010). A motivational model of video game engagement | H27: Review of General Psychology | J27: ① 脚本自动下载 | K27: 未获取 | L27: 打开 | M27: 运行 download_oa_pdfs.sh 自动抓取
A28: A3-6 | B28: A 文化游戏化转译与文化学习 | C28: A-3 理论与量表基座 | E28: 量表·方法 | F28: Sweetser & Wyeth (2005). GameFlow: A model for evaluating player enjoyment in games | H28: Computers in Entertainment, 3(3) | I28: 10.1145/1077246.1077253 | J28: ① 脚本自动下载 | K28: 未获取 | L28: 打开 | M28: 运行 download_oa_pdfs.sh 自动抓取
A29: A3-7 | B29: A 文化游戏化转译与文化学习 | C29: A-3 理论与量表基座 | E29: 量表·方法 | F29: Hamari, Koivisto & Sarsa (2014). Does gamification work? — A literature review of empirical studies on gamification | H29: HICSS | J29: ① 脚本自动下载 | K29: 未获取 | L29: 打开 | M29: 运行 download_oa_pdfs.sh 自动抓取
A30: A3-8 | B30: A 文化游戏化转译与文化学习 | C30: A-3 理论与量表基座 | E30: 量表·方法 | F30: Koivisto & Hamari (2019). The rise of motivational information systems: A review of gamification research | H30: International Journal of Information Management, 45, 191–210 | J30: ③ 需订阅·走图书馆 | K30: 未获取 | L30: 打开 | M30: 湖工大图书馆 CNKI / Web of Science / ScienceDirect 镜像
A31: A3-9 | B31: A 文化游戏化转译与文化学习 | C31: A-3 理论与量表基座 | E31: 量表·方法 | F31: Falk & Storksdieck (2005). Using the contextual model of learning to understand visitor learning from a science center exhibition | H31: Science Education, 89(5) | I31: 10.1002/sce.20078 | J31: ③ 需订阅·走图书馆 | K31: 未获取 | L31: 打开 | M31: 湖工大图书馆 CNKI / Web of Science / ScienceDirect 镜像
A32: A3-10 | B32: A 文化游戏化转译与文化学习 | C32: A-3 理论与量表基座 | F32: Falk & Dierking. Learning from Museums: Visitor Experiences and the Making of Meaning（专著） | J32: ④ 专著·借阅或购买 | K32: 未获取 | M32: 图书馆借阅或购买纸质/电子书
A33: A4-1 | B33: A 文化游戏化转译与文化学习 | C33: A-4 场景对照 | E33: 量表·方法 | F33: Can Location-Based Augmented Reality Support Cultural-Heritage Experience in Real-World Settings? Age-Related Engagement Patterns and a Field-Based Evaluation | G33: 2026 | H33: 2026, Informatics, 13(1) | I33: 10.3390/informatics13010012 | J33: ① 脚本自动下载 | K33: 未获取 | L33: 打开 | M33: 运行 download_oa_pdfs.sh 自动抓取
A34: A4-2 | B34: A 文化游戏化转译与文化学习 | C34: A-4 场景对照 | F34: How Do Location-Based AR Games Enhance Value Co-Creation Experiences at Cultural Heritage Sites? A Process Perspective | G34: 2024 | H34: 2024, Applied Sciences, 14(15) | I34: 10.1145/3700881 | J34: ① 脚本自动下载 | K34: 未获取 | L34: 打开 | M34: 运行 download_oa_pdfs.sh 自动抓取
A35: A4-3 | B35: A 文化游戏化转译与文化学习 | C35: A-4 场景对照 | F35: HeritageSite AR: Design and Evaluation of a Mobile AR Exploration Game for a Chinese Heritage Site | G35: 2024 | H35: 2024, JOCCH | I35: 10.1145/3700881 | J35: ③ 需订阅·走图书馆 | K35: 未获取 | L35: 打开 | M35: 湖工大图书馆 CNKI / Web of Science / ScienceDirect 镜像
A36: A4-4 | B36: A 文化游戏化转译与文化学习 | C36: A-4 场景对照 | F36: Design of a virtual reality serious game for experiencing the colors of Dunhuang frescoes | G36: 2024 | H36: 2024, npj Heritage Science | I36: 10.1038/s40494-024-01477-x | J36: ① 脚本自动下载 | K36: 未获取 | L36: 打开 | M36: 运行 download_oa_pdfs.sh 自动抓取
A37: A4-5 | B37: A 文化游戏化转译与文化学习 | C37: A-4 场景对照 | F37: Collaboration in an immersive VR Edu-Metaverse improves knowledge gain and retention of concise cultural heritage content | G37: 2026 | H37: 2026, Virtual Reality | I37: 10.1007/s10055-026-01436-w | J37: ③ 需订阅·走图书馆 | K37: 未获取 | L37: 打开 | M37: 湖工大图书馆 CNKI / Web of Science / ScienceDirect 镜像
A38: A4-6 | B38: A 文化游戏化转译与文化学习 | C38: A-4 场景对照 | F38: Metaverse and XR for cultural heritage education: applications, standards, architecture | G38: 2025 | H38: 2025, Virtual Reality | I38: 10.3390/heritage8100421 | J38: ③ 需订阅·走图书馆 | K38: 未获取 | L38: 打开 | M38: 湖工大图书馆 CNKI / Web of Science / ScienceDirect 镜像
A39: A4-7 | B39: A 文化游戏化转译与文化学习 | C39: A-4 场景对照 | F39: Augmented Reality in Cultural Heritage: A Narrative Review of Design, Development and Evaluation Approaches | G39: 2025 | H39: 2025, Heritage, 8(10) | I39: 10.3390/educsci13010047 | J39: ① 脚本自动下载 | K39: 未获取 | L39: 打开 | M39: 运行 download_oa_pdfs.sh 自动抓取
A40: A4-8 | B40: A 文化游戏化转译与文化学习 | C40: A-4 场景对照 | F40: Serious Games in Cultural Heritage: A Review of Practices and Considerations in the Design of Location-Based Games | G40: 2023 | H40: 2023, Education Sciences, 13(1) | I40: 10.3390/app12178476 | J40: ① 脚本自动下载 | K40: 未获取 | L40: 打开 | M40: 运行 download_oa_pdfs.sh 自动抓取
A41: A4-9 | B41: A 文化游戏化转译与文化学习 | C41: A-4 场景对照 | F41: VR Games in Cultural Heritage: A Systematic Review | G41: 2022 | H41: 2022, Applied Sciences, 12(17) | I41: 10.1038/s40494-025-02162-3 | J41: ① 脚本自动下载 | K41: 未获取 | L41: 打开 | M41: 运行 download_oa_pdfs.sh 自动抓取
A42: A4-10 | B42: A 文化游戏化转译与文化学习 | C42: A-4 场景对照 | F42: Digital preservation and development of architectural heritage from a virtual perspective: a systematic review | G42: 2025 | H42: 2025, npj Heritage Science | I42: 10.1038/s40494-025-02162-3 | J42: ① 脚本自动下载 | K42: 未获取 | L42: 打开 | M42: 运行 download_oa_pdfs.sh 自动抓取
A43: A4-11 | B43: A 文化游戏化转译与文化学习 | C43: A-4 场景对照 | E43: 量表·方法 | F43: Burgess & Jones (2022). Exploring Player Understandings of Historical Accuracy and Historical Authenticity in Video Games | H43: Games and Culture | I43: 10.1177/15554120211061853 | J43: ③ 需订阅·走图书馆 | K43: 未获取 | L43: 打开 | M43: 湖工大图书馆 CNKI / Web of Science / ScienceDirect 镜像
A44: B1-1 | B44: B AI文化角色与智能化传播 | C44: B-1 LLM NPC 与 AI 角色 | D44: 必读 | F44: The Double-Edged Sword of Open-Ended Interaction: How LLM-Driven NPCs Affect Players' Cognitive Load and Gaming Experience | G44: 2026 | H44: 2026, arXiv:2604.10107 | J44: ① 脚本自动下载 | K44: 未获取 | L44: 打开 | M44: 运行 download_oa_pdfs.sh 自动抓取
A45: B1-2 | B45: B AI文化角色与智能化传播 | C45: B-1 LLM NPC 与 AI 角色 | F45: Empower My Digital Neighbors: How LLM-Driven NPCs Shape Player Interaction in Single-Player and Multiplayer Contexts | G45: 2026 | H45: 2026, CHI EA | I45: 10.1145/3772363.3798665 | J45: ③ 需订阅·走图书馆 | K45: 未获取 | L45: 打开 | M45: 湖工大图书馆 CNKI / Web of Science / ScienceDirect 镜像
A46: B1-3 | B46: B AI文化角色与智能化传播 | C46: B-1 LLM NPC 与 AI 角色 | D46: 必读 | E46: 量表·方法 | F46: Park, O'Brien, Cai, Morris, Liang & Bernstein (2023). Generative Agents: Interactive Simulacra of Human Behavior | H46: UIST '23) — 经典 | I46: 10.1145/3586183.3606763 | J46: ① 脚本自动下载 | K46: 未获取 | L46: 打开 | M46: 运行 download_oa_pdfs.sh 自动抓取
A47: B1-4 | B47: B AI文化角色与智能化传播 | C47: B-1 LLM NPC 与 AI 角色 | F47: Evaluating the Role-Playing Capabilities of LLMs in Text-based Games | G47: 2025 | H47: 2025, NAACL | J47: ① 脚本自动下载 | K47: 未获取 | L47: 打开 | M47: 运行 download_oa_pdfs.sh 自动抓取
A48: B1-5 | B48: B AI文化角色与智能化传播 | C48: B-1 LLM NPC 与 AI 角色 | F48: Character-LLM: A Trainable Agent for Role-Playing | H48: arXiv:2310.10158 | J48: ① 脚本自动下载 | K48: 未获取 | M48: 运行 download_oa_pdfs.sh 自动抓取
A49: B1-6 | B49: B AI文化角色与智能化传播 | C49: B-1 LLM NPC 与 AI 角色 | F49: Role-Playing Agents Driven by LLMs: Current Status, Challenges, and Future Trends | G49: 2026 | H49: 2026, arXiv:2601.10122 | J49: ① 脚本自动下载 | K49: 未获取 | M49: 运行 download_oa_pdfs.sh 自动抓取
A50: B1-7 | B50: B AI文化角色与智能化传播 | C50: B-1 LLM NPC 与 AI 角色 | F50: A Quest for Information: Enhancing Game-Based Learning with LLM-Driven NPCs | G50: 2025 | H50: 2025, CESCG | J50: ① 脚本自动下载 | K50: 未获取 | L50: 打开 | M50: 运行 download_oa_pdfs.sh 自动抓取
A51: B1-8 | B51: B AI文化角色与智能化传播 | C51: B-1 LLM NPC 与 AI 角色 | F51: Leveraging Large Language Models for Active Merchant Non-player Characters | H51: arXiv:2412.11189 | J51: ① 脚本自动下载 | K51: 未获取 | M51: 运行 download_oa_pdfs.sh 自动抓取
A52: B2-1 | B52: B AI文化角色与智能化传播 | C52: B-2 AI文化讲解、RAG 与幻觉 | D52: 必读 | F52: Large-Scale Corpus Construction and Retrieval-Augmented Generation for Ancient Chinese Poetry: New Method and Data Insights | G52: 2025 | H52: 2025, NAACL Findings | J52: ① 脚本自动下载 | K52: 未获取 | L52: 打开 | M52: 运行 download_oa_pdfs.sh 自动抓取
A53: B2-2 | B53: B AI文化角色与智能化传播 | C53: B-2 AI文化讲解、RAG 与幻觉 | D53: 必读 | F53: LLM-Driven Completeness and Consistency Evaluation for Cultural Heritage Data Augmentation in Cross-Modal Retrieval | G53: 2025 | H53: 2025, EMNLP Main | J53: ① 脚本自动下载 | K53: 未获取 | L53: 打开 | M53: 运行 download_oa_pdfs.sh 自动抓取
A54: B2-3 | B54: B AI文化角色与智能化传播 | C54: B-2 AI文化讲解、RAG 与幻觉 | F54: An Evaluation of LLM-based Chatbots for Enhancing the Visitor's User Experience at Cultural Exhibits | G54: 2025 | H54: 2025, JOCCH | I54: 10.1145/3775062 | J54: ③ 需订阅·走图书馆 | K54: 未获取 | L54: 打开 | M54: 湖工大图书馆 CNKI / Web of Science / ScienceDirect 镜像
A55: B2-4 | B55: B AI文化角色与智能化传播 | C55: B-2 AI文化讲解、RAG 与幻觉 | F55: MuseRAG++: a deep retrieval-augmented generation framework for semantic interaction and multi-modal reasoning in virtual museums | G55: 2025 | H55: 2025 | J55: ② 免费·浏览器另存 | K55: 未获取 | L55: 打开 | M55: 浏览器打开链接后另存为 PDF
A56: B2-5 | B56: B AI文化角色与智能化传播 | C56: B-2 AI文化讲解、RAG 与幻觉 | F56: Multimodal RAG for cultural heritage: a technical exploration based on Jino traditional knowledge | G56: 2026 | H56: 2026, Digital Scholarship in the Humanities, 41(2) | J56: ③ 需订阅·走图书馆 | K56: 未获取 | L56: 打开 | M56: 湖工大图书馆 CNKI / Web of Science / ScienceDirect 镜像
A57: B2-6 | B57: B AI文化角色与智能化传播 | C57: B-2 AI文化讲解、RAG 与幻觉 | F57: Visual information identification and Q&A of intangible cultural heritage inheritors using enhanced Graph-Retrieval framework | G57: 2026 | H57: 2026, npj Heritage Science | I57: 10.1038/s40494-026-02384-z | J57: ① 脚本自动下载 | K57: 未获取 | L57: 打开 | M57: 运行 download_oa_pdfs.sh 自动抓取
A58: B2-7 | B58: B AI文化角色与智能化传播 | C58: B-2 AI文化讲解、RAG 与幻觉 | F58: Evaluating Cultural Knowledge Processing in Large Language Models: A Cognitive Benchmarking Framework Integrating RAG | G58: 2025 | H58: 2025, arXiv:2511.01649 | J58: ① 脚本自动下载 | K58: 未获取 | M58: 运行 download_oa_pdfs.sh 自动抓取
A59: B2-8 | B59: B AI文化角色与智能化传播 | C59: B-2 AI文化讲解、RAG 与幻觉 | D59: 必读 | E59: 量表·方法 | F59: Exploring LLM-Powered Role and Action-Switching Pedagogical Agents for History Education in Virtual Reality | G59: 2025 | H59: 2025, CHI | I59: 10.1145/3706598.3713109 | J59: ③ 需订阅·走图书馆 | K59: 未获取 | L59: 打开 | M59: 湖工大图书馆 CNKI / Web of Science / ScienceDirect 镜像
A60: B2-9 | B60: B AI文化角色与智能化传播 | C60: B-2 AI文化讲解、RAG 与幻觉 | F60: "Ask Sir Oliver Ingham": LLM-based Social Simulations for History Education | G60: 2025 | H60: 2025, CHI EA | I60: 10.1145/3706599.3719728 | J60: ③ 需订阅·走图书馆 | K60: 未获取 | L60: 打开 | M60: 湖工大图书馆 CNKI / Web of Science / ScienceDirect 镜像
A61: B3-1 | B61: B AI文化角色与智能化传播 | C61: B-3 角色依恋、拟社会互动与人机关系 | D61: 必读 | E61: 量表·方法 | F61: Lewis, Weber & Bowman (2008). "They may be pixels, but they're MY pixels": Developing a metric of character attachment in role-playing video games | H61: CyberPsychology & Behavior, 11(4)) — 经典 | I61: 10.1089/cpb.2007.0137 | J61: ③ 需订阅·走图书馆 | K61: 未获取 | L61: 打开 | M61: 湖工大图书馆 CNKI / Web of Science / ScienceDirect 镜像
A62: B3-2 | B62: B AI文化角色与智能化传播 | C62: B-3 角色依恋、拟社会互动与人机关系 | E62: 量表·方法 | F62: Hefner, Klimmt & Vorderer (2007). Identification with the player character as determinant of video game enjoyment | H62: ICEC | I62: 10.1007/978-3-540-74873-1_6 | J62: ③ 需订阅·走图书馆 | K62: 未获取 | L62: 打开 | M62: 湖工大图书馆 CNKI / Web of Science / ScienceDirect 镜像
A63: B3-3 | B63: B AI文化角色与智能化传播 | C63: B-3 角色依恋、拟社会互动与人机关系 | F63: Klimmt, Hefner & Vorderer (2009). The video game experience as "true" identification: A theory of enjoyable alterations of players' self-perception | H63: Communication Theory, 19(4) | J63: ① 脚本自动下载 | K63: 未获取 | L63: 打开 | M63: 运行 download_oa_pdfs.sh 自动抓取
A64: B3-4 | B64: B AI文化角色与智能化传播 | C64: B-3 角色依恋、拟社会互动与人机关系 | F64: Klimmt, Hefner, Vorderer, Roth & Blake. Identification with video game characters as automatic shift of self-perceptions | H64: Media Psychology | J64: ③ 需订阅·走图书馆 | K64: 未获取 | M64: 湖工大图书馆 CNKI / Web of Science / ScienceDirect 镜像
A65: B3-5 | B65: B AI文化角色与智能化传播 | C65: B-3 角色依恋、拟社会互动与人机关系 | E65: 量表·方法 | F65: Nass & Moon (2000). Machines and mindlessness: Social responses to computers | H65: Journal of Social Issues, 56(1)) — CASA 范式奠基作 | J65: ③ 需订阅·走图书馆 | K65: 未获取 | M65: 湖工大图书馆 CNKI / Web of Science / ScienceDirect 镜像
A66: B3-6 | B66: B AI文化角色与智能化传播 | C66: B-3 角色依恋、拟社会互动与人机关系 | F66: Lee (2010). What triggers social responses to flattering computers? Experimental tests of anthropomorphism and mindlessness explanations | H66: Communication Research | I66: 10.1177/0093650209356389 | J66: ③ 需订阅·走图书馆 | K66: 未获取 | L66: 打开 | M66: 湖工大图书馆 CNKI / Web of Science / ScienceDirect 镜像
A67: B3-7 | B67: B AI文化角色与智能化传播 | C67: B-3 角色依恋、拟社会互动与人机关系 | E67: 量表·方法 | F67: Horton & Wohl (1956). Mass communication and para-social interaction | H67: Psychiatry, 19(3)) — 拟社会互动奠基作 | J67: ③ 需订阅·走图书馆 | K67: 未获取 | M67: 湖工大图书馆 CNKI / Web of Science / ScienceDirect 镜像
A68: B3-8 | B68: B AI文化角色与智能化传播 | C68: B-3 角色依恋、拟社会互动与人机关系 | D68: 必读 | F68: Parasocial relationships with artificial intelligence (AI): A systematic review of benefits and risks | G68: 2026 | H68: 2026, ScienceDirect | J68: ③ 需订阅·走图书馆 | K68: 未获取 | L68: 打开 | M68: 湖工大图书馆 CNKI / Web of Science / ScienceDirect 镜像
A69: B3-9 | B69: B AI文化角色与智能化传播 | C69: B-3 角色依恋、拟社会互动与人机关系 | F69: How AI Companionship Develops: Evidence from a Longitudinal Study | G69: 2025 | H69: 2025, arXiv:2510.10079 | J69: ① 脚本自动下载 | K69: 未获取 | M69: 运行 download_oa_pdfs.sh 自动抓取
A70: B3-10 | B70: B AI文化角色与智能化传播 | C70: B-3 角色依恋、拟社会互动与人机关系 | F70: The Adaptation Paradox: Agency vs. Mimicry in Companion Chatbots | G70: 2025 | H70: 2025, arXiv:2509.12525 | J70: ① 脚本自动下载 | K70: 未获取 | M70: 运行 download_oa_pdfs.sh 自动抓取
A71: B3-11 | B71: B AI文化角色与智能化传播 | C71: B-3 角色依恋、拟社会互动与人机关系 | F71: 从拟社会互动到依恋：人机情感关系的演化 | G71: 2025 | H71: 2025, 《心理科学》 | J71: ② 免费·浏览器另存 | K71: 未获取 | L71: 打开 | M71: 浏览器打开链接后另存为 PDF
A72: B3-12 | B72: B AI文化角色与智能化传播 | C72: B-3 角色依恋、拟社会互动与人机关系 | F72: Virtual presence, real connections: Exploring the role of parasocial relationships in virtual idol fan community participation | G72: 2025 | H72: 2025 | I72: 10.1177/20594364231222976 | J72: ③ 需订阅·走图书馆 | K72: 未获取 | L72: 打开 | M72: 湖工大图书馆 CNKI / Web of Science / ScienceDirect 镜像
A73: B3-13 | B73: B AI文化角色与智能化传播 | C73: B-3 角色依恋、拟社会互动与人机关系 | F73: The creative behavior of virtual idol fans: a psychological perspective based on MOA theory | G73: 2023 | H73: 2023 | J73: ② 免费·浏览器另存 | K73: 未获取 | L73: 打开 | M73: 浏览器打开链接后另存为 PDF
A74: B3-14 | B74: B AI文化角色与智能化传播 | C74: B-3 角色依恋、拟社会互动与人机关系 | F74: "I Harbour Strong Feelings for Tali Despite Her Being a Fictional Character": Investigating Videogame Players' Emotional Attachments to Non-Player Characters | H74: Burgess & Jones, Game Studies | J74: ② 免费·浏览器另存 | K74: 未获取 | L74: 打开 | M74: 浏览器打开链接后另存为 PDF
A75: B4-1 | B75: B AI文化角色与智能化传播 | C75: B-4 数字人、文化真实性与 AI 合规 | D75: 必读 | E75: 量表·方法 | F75: The impact of cultural tourism digital humans in China on tourists' travel intentions | G75: 2025 | H75: 2025, Current Issues in Tourism | I75: 10.1080/13683500.2025.2555501 | J75: ③ 需订阅·走图书馆 | K75: 未获取 | L75: 打开 | M75: 湖工大图书馆 CNKI / Web of Science / ScienceDirect 镜像
A76: B4-2 | B76: B AI文化角色与智能化传播 | C76: B-4 数字人、文化真实性与 AI 合规 | F76: The impact of hyperrealistic virtual humans on cultural heritage dissemination | G76: 2025 | H76: 2025, npj Heritage Science | I76: 10.1038/s40494-025-02098-8 | J76: ① 脚本自动下载 | K76: 未获取 | L76: 打开 | M76: 运行 download_oa_pdfs.sh 自动抓取
A77: B4-3 | B77: B AI文化角色与智能化传播 | C77: B-4 数字人、文化真实性与 AI 合规 | F77: New "Mediators" in museum settings: AI-generated virtual digital humans' mediality on visitors' continuous participation intention in museum holographic cabins | G77: 2026 | H77: 2026, Virtual Reality | I77: 10.1007/s10055-026-01447-7 | J77: ③ 需订阅·走图书馆 | K77: 未获取 | L77: 打开 | M77: 湖工大图书馆 CNKI / Web of Science / ScienceDirect 镜像
A78: B4-4 | B78: B AI文化角色与智能化传播 | C78: B-4 数字人、文化真实性与 AI 合规 | F78: When Intangible Cultural Heritage Meets AI—Can AI with Anthropomorphism Elements Attract Tourists to Visit Cultural Heritage Sites? | G78: 2026 | H78: 2026, Sustainability, 18(8) | I78: 10.3390/su18083977 | J78: ① 脚本自动下载 | K78: 未获取 | L78: 打开 | M78: 运行 download_oa_pdfs.sh 自动抓取
A79: B4-5 | B79: B AI文化角色与智能化传播 | C79: B-4 数字人、文化真实性与 AI 合规 | F79: The Impact of AI Guide Language Strategies on Museum Visitor Experience: The Mediating Role of Psychological Distance in the Arousal–Topic Fit Effect | G79: 2025 | H79: 2025 | J79: ② 免费·浏览器另存 | K79: 未获取 | L79: 打开 | M79: 浏览器打开链接后另存为 PDF
A80: B4-6 | B80: B AI文化角色与智能化传播 | C80: B-4 数字人、文化真实性与 AI 合规 | D80: 必读 | E80: 量表·方法 | F80: How AI-Generated Content Shapes User Trust: The Roles of Cognitive Processing, Perceived Risk, and Transparency Labels | G80: 2026 | H80: 2026, Behavioral Sciences, 16(6) | I80: 10.3390/bs16060957 | J80: ① 脚本自动下载 | K80: 未获取 | L80: 打开 | M80: 运行 download_oa_pdfs.sh 自动抓取
A81: B4-7 | B81: B AI文化角色与智能化传播 | C81: B-4 数字人、文化真实性与 AI 合规 | F81: Li, Yang & Yu (2025). Nudging Perceived Credibility: The Impact of AIGC Labeling on User Distinction of AI-Generated Content | I81: 10.1177/27523543251317572 | J81: ③ 需订阅·走图书馆 | K81: 未获取 | L81: 打开 | M81: 湖工大图书馆 CNKI / Web of Science / ScienceDirect 镜像
A82: B4-8 | B82: B AI文化角色与智能化传播 | C82: B-4 数字人、文化真实性与 AI 合规 | F82: AI labeling reduces the perceived accuracy of online content but has limited broader effects | G82: 2025 | H82: 2025, arXiv:2506.16202 | I82: 10.1145/3706598.3713171 | J82: ① 脚本自动下载 | K82: 未获取 | L82: 打开 | M82: 运行 download_oa_pdfs.sh 自动抓取
A83: B4-9 | B83: B AI文化角色与智能化传播 | C83: B-4 数字人、文化真实性与 AI 合规 | F83: Labeling Synthetic Content: User Perceptions of Label Designs for AI-Generated Content on Social Media | G83: 2025 | H83: 2025, CHI | I83: 10.1145/3706598.3713171 | J83: ③ 需订阅·走图书馆 | K83: 未获取 | L83: 打开 | M83: 湖工大图书馆 CNKI / Web of Science / ScienceDirect 镜像
A84: B4-10 | B84: B AI文化角色与智能化传播 | C84: B-4 数字人、文化真实性与 AI 合规 | F84: Visible sources and invisible risks: exploring the impact of AI disclosure on perceived credibility of AI-generated content | G84: 2026 | H84: 2026, JCOM | J84: ② 免费·浏览器另存 | K84: 未获取 | L84: 打开 | M84: 浏览器打开链接后另存为 PDF
A85: B4-11 | B85: B AI文化角色与智能化传播 | C85: B-4 数字人、文化真实性与 AI 合规 | D85: 必读 | F85: Cultural bias and cultural alignment of large language models | G85: 2024 | H85: 2024, PNAS Nexus, 3(9) | I85: 10.1093/pnasnexus/pgae346 | J85: ② 免费·浏览器另存 | K85: 未获取 | L85: 打开 | M85: 浏览器打开链接后另存为 PDF
A86: B4-12 | B86: B AI文化角色与智能化传播 | C86: B-4 数字人、文化真实性与 AI 合规 | F86: Investigating Cultural Alignment of Large Language Models | G86: 2024 | H86: 2024, arXiv:2402.13231 | J86: ① 脚本自动下载 | K86: 未获取 | M86: 运行 download_oa_pdfs.sh 自动抓取
A87: B4-13 | B87: B AI文化角色与智能化传播 | C87: B-4 数字人、文化真实性与 AI 合规 | F87: Fluent but Foreign: Even Regional LLMs Lack Cultural Alignment | G87: 2025 | H87: 2025, arXiv:2505.21548 | J87: ① 脚本自动下载 | K87: 未获取 | M87: 运行 download_oa_pdfs.sh 自动抓取
A88: B4-14 | B88: B AI文化角色与智能化传播 | C88: B-4 数字人、文化真实性与 AI 合规 | F88: From Word to World: Evaluate and Mitigate Culture Bias in LLMs via Word Association Test | G88: 2025 | H88: 2025, arXiv:2505.18562 | J88: ① 脚本自动下载 | K88: 未获取 | M88: 运行 download_oa_pdfs.sh 自动抓取
A89: C-1 | B89: C 跨媒介文化IP与虚实外溢 | C89: B-4 数字人、文化真实性与 AI 合规 | D89: 必读 | F89: How cultural identity in "Black Myth: Wukong" drives tourism intentions | G89: 2026 | H89: 2026, Elsevier | J89: ③ 需订阅·走图书馆 | K89: 未获取 | L89: 打开 | M89: 湖工大图书馆 CNKI / Web of Science / ScienceDirect 镜像
A90: C-2 | B90: C 跨媒介文化IP与虚实外溢 | C90: B-4 数字人、文化真实性与 AI 合规 | F90: How Digital Mythological Narratives in Video Games Enhance Audiences' Destination Perceptions and Travel Intentions: Evidence from YouTube Comments on Black Myth: Wukong | G90: 2026 | H90: 2026, Sustainability, 18(1) | I90: 10.3390/su18010160 | J90: ① 脚本自动下载 | K90: 未获取 | L90: 打开 | M90: 运行 download_oa_pdfs.sh 自动抓取
A91: C-3 | B91: C 跨媒介文化IP与虚实外溢 | C91: B-4 数字人、文化真实性与 AI 合规 | D91: 必读 | F91: The tourism impact and mechanism of digital games on associated real-world locations: A case study of Black Myth: Wukong | G91: 2026 | H91: 2026, 《自然资源学报》 | I91: 10.31497/zrzyxb.20260613 | J91: ② 免费·浏览器另存 | K91: 未获取 | L91: 打开 | M91: 浏览器打开链接后另存为 PDF
A92: C-4 | B92: C 跨媒介文化IP与虚实外溢 | C92: B-4 数字人、文化真实性与 AI 合规 | D92: 必读 | E92: 量表·方法 | F92: The impact of video game experiences on destination image and visit intention: exploring the moderating role of character attachment | G92: 2025 | H92: 2025, Journal of Hospitality and Tourism Technology | I92: 10.1108/JHTT-04-2025-0342 | J92: ③ 需订阅·走图书馆 | K92: 未获取 | L92: 打开 | M92: 湖工大图书馆 CNKI / Web of Science / ScienceDirect 镜像
A93: C-5 | B93: C 跨媒介文化IP与虚实外溢 | C93: B-4 数字人、文化真实性与 AI 合规 | F93: From pixels to places: how video games influence real-world travel to natural and cultural heritage sites | G93: 2026 | H93: 2026, Humanities and Social Sciences Communications | I93: 10.1038/s41599-026-07299-5 | J93: ① 脚本自动下载 | K93: 未获取 | L93: 打开 | M93: 运行 download_oa_pdfs.sh 自动抓取
A94: C-6 | B94: C 跨媒介文化IP与虚实外溢 | C94: B-4 数字人、文化真实性与 AI 合规 | F94: Video game-inspired tourism: A synergistic framework | G94: 2025 | H94: 2025, Tourism Management | J94: ③ 需订阅·走图书馆 | K94: 未获取 | L94: 打开 | M94: 湖工大图书馆 CNKI / Web of Science / ScienceDirect 镜像
A95: C-7 | B95: C 跨媒介文化IP与虚实外溢 | C95: B-4 数字人、文化真实性与 AI 合规 | F95: From Virtual Worlds to Real Places: A Journey Through Video Game Play, Flow, and Place Attachment | G95: 2026 | H95: 2026, Tourism and Hospitality, 7(4) | I95: 10.3390/tourhosp7040099 | J95: ① 脚本自动下载 | K95: 未获取 | L95: 打开 | M95: 运行 download_oa_pdfs.sh 自动抓取
A96: C-8 | B96: C 跨媒介文化IP与虚实外溢 | C96: B-4 数字人、文化真实性与 AI 合规 | F96: Trusting the Virtual, Traveling the Real: How Destination Trust in Video Games Shapes Real-World Travel Willingness Through Player Type Differences | G96: 2025 | H96: 2025, Administrative Sciences, 15(12) | I96: 10.3390/admsci15120470 | J96: ① 脚本自动下载 | K96: 未获取 | L96: 打开 | M96: 运行 download_oa_pdfs.sh 自动抓取
A97: C-9 | B97: C 跨媒介文化IP与虚实外溢 | C97: B-4 数字人、文化真实性与 AI 合规 | F97: A three-dimensional study on the international communication of Black Myth: Wukong | G97: 2025 | H97: 2025, International Communication of Chinese Culture | I97: 10.1007/978-3-032-12764-8_14 | J97: ③ 需订阅·走图书馆 | K97: 未获取 | L97: 打开 | M97: 湖工大图书馆 CNKI / Web of Science / ScienceDirect 镜像
A98: C-10 | B98: C 跨媒介文化IP与虚实外溢 | C98: B-4 数字人、文化真实性与 AI 合规 | F98: Gaming as a Cultural Bridge: Black Myth: Wukong and Its Effect on Perception Towards China | G98: 2025 | H98: 2025, Springer | I98: 10.1007/978-3-032-12764-8_14 | J98: ③ 需订阅·走图书馆 | K98: 未获取 | L98: 打开 | M98: 湖工大图书馆 CNKI / Web of Science / ScienceDirect 镜像
A99: C-11 | B99: C 跨媒介文化IP与虚实外溢 | C99: B-4 数字人、文化真实性与 AI 合规 | D99: 必读 | E99: 量表·方法 | F99: Williams & Vaske (2003). The measurement of place attachment: Validity and generalizability of a psychometric approach | H99: Forest Science, 49(6), 830–840) — 经典 | J99: ② 免费·浏览器另存 | K99: 未获取 | L99: 打开 | M99: 浏览器打开链接后另存为 PDF
A100: C-12 | B100: C 跨媒介文化IP与虚实外溢 | C100: B-4 数字人、文化真实性与 AI 合规 | D100: 必读 | E100: 量表·方法 | F100: Thomson, MacInnis & Park (2005). The ties that bind: Measuring the strength of consumers' emotional attachments to brands | H100: Journal of Consumer Psychology, 15(1), 77–91) — 经典 | I100: 10.1207/s15327663jcp1501_10 | J100: ③ 需订阅·走图书馆 | K100: 未获取 | L100: 打开 | M100: 湖工大图书馆 CNKI / Web of Science / ScienceDirect 镜像
A101: C-13 | B101: C 跨媒介文化IP与虚实外溢 | C101: B-4 数字人、文化真实性与 AI 合规 | E101: 量表·方法 | F101: Park, MacInnis, Priester, Eisingerich & Iacobucci (2010). Brand attachment and brand attitude strength: Conceptual and empirical differentiation of two critical brand equity drivers | H101: Journal of Marketing, 74(6)) — 经典 | I101: 10.1509/jmkg.74.6.1 | J101: ③ 需订阅·走图书馆 | K101: 未获取 | L101: 打开 | M101: 湖工大图书馆 CNKI / Web of Science / ScienceDirect 镜像
...

Sheet 统计
A1: 获取进度统计
A2: 本表全部为公式，你在「获取清单」K 列改了状态，这里会自动更新。
A4: 按获取方式
A5: 获取方式 | B5: 条数 | C5: 已下载 | D5: 待办
A6: ① 脚本自动下载 | B6: =COUNTIF(获取清单!$J$5:$J$110,A6) -> 50 | C6: =COUNTIFS(获取清单!$J$5:$J$110,A6,获取清单!$K$5:$K$110,"已下载") -> 0 | D6: =B6-C6 -> 50
A7: ② 免费·浏览器另存 | B7: =COUNTIF(获取清单!$J$5:$J$110,A7) -> 15 | C7: =COUNTIFS(获取清单!$J$5:$J$110,A7,获取清单!$K$5:$K$110,"已下载") -> 0 | D7: =B7-C7 -> 15
A8: ③ 需订阅·走图书馆 | B8: =COUNTIF(获取清单!$J$5:$J$110,A8) -> 39 | C8: =COUNTIFS(获取清单!$J$5:$J$110,A8,获取清单!$K$5:$K$110,"已下载") -> 0 | D8: =B8-C8 -> 39
A9: ④ 专著·借阅或购买 | B9: =COUNTIF(获取清单!$J$5:$J$110,A9) -> 2 | C9: =COUNTIFS(获取清单!$J$5:$J$110,A9,获取清单!$K$5:$K$110,"已下载") -> 0 | D9: =B9-C9 -> 2
A10: 合计 | B10: =SUM(B6:B9) -> 106 | C10: =SUM(C6:C9) -> 0 | D10: =SUM(D6:D9) -> 106
A12: 按分组
A13: 分组 | B13: 条数 | C13: 已下载
A14: A 文化游戏化转译与文化学习 | B14: =COUNTIF(获取清单!$B$5:$B$110,A14) -> 39 | C14: =COUNTIFS(获取清单!$B$5:$B$110,A14,获取清单!$K$5:$K$110,"已下载") -> 0
A15: B AI文化角色与智能化传播 | B15: =COUNTIF(获取清单!$B$5:$B$110,A15) -> 45 | C15: =COUNTIFS(获取清单!$B$5:$B$110,A15,获取清单!$K$5:$K$110,"已下载") -> 0
A16: C 跨媒介文化IP与虚实外溢 | B16: =COUNTIF(获取清单!$B$5:$B$110,A16) -> 15 | C16: =COUNTIFS(获取清单!$B$5:$B$110,A16,获取清单!$K$5:$K$110,"已下载") -> 0
A17: D 武汉—长江本地与政策 | B17: =COUNTIF(获取清单!$B$5:$B$110,A17) -> 7 | C17: =COUNTIFS(获取清单!$B$5:$B$110,A17,获取清单!$K$5:$K$110,"已下载") -> 0
A19: 必读篇目进度
A20: 必读总数 | B20: =COUNTIF(获取清单!$D$5:$D$110,"必读") -> 22
A21: 必读中已下载 | B21: =COUNTIFS(获取清单!$D$5:$D$110,"必读",获取清单!$K$5:$K$110,"已下载") -> 0
A22: 必读完成率 | B22: =IFERROR(B21/B20,0) -> 0

Sheet 说明
A1: 怎么用这份清单
A3: 当前状态
A4: 全部 106 条都是「未获取」。建库所在的远程环境出网被网络策略限制（arXiv、MDPI、Frontiers、Nature、ACL 等全部返回 403），所以一篇 PDF 都没能在那边抓下来。下面的步骤需要在你自己的电脑上做。
A6: 第一步：跑脚本，拿下 ① 类的 50 篇
A7: 把 download_oa_pdfs.sh 和这份清单放在同一个文件夹，然后：
A8: bash download_oa_pdfs.sh
A9: PDF 会存进 pdfs/ 子目录。跑完会生成 下载结果.csv，逐条写明成功 / 跳过 / 失败，直接用 Excel 打开就能看。
A10: Windows 没有 bash 的话：用 Git Bash，或在 WSL / Mac / Linux 终端里跑。
A12: 第二步：把 下载结果.csv 的结果抄回 K 列
A13: 或者更省事：按 K 列筛选「未获取」，对照 pdfs/ 目录里已有的文件逐条改。
A15: 第三步：② 类 15 篇，浏览器手动存
A16: 这些是开放获取，但站点有反爬或是网页正文，脚本抓不稳。点 L 列的「打开」，在浏览器里另存为 PDF 即可。
... A31: 填了 K 列之后，切到「统计」表可以看到进度自动更新。
